{
  "results": {
    "timestamp": "20260409_225628",
    "ckpt_path": "/workspace/minGPT-LAR/projects/latent_ar/alarm_gen_checkpoint.pt",
    "config": {
      "n_batches": 100,
      "batch_size": 12,
      "block_size": 1024,
      "layer_a": 6,
      "layer_b": 18
    },
    "lar_ce": 3.10103497505188,
    "lar_ppl": 22.22093750025042,
    "norm_a": 60.88551982879639,
    "norm_b": 60.524872627258304,
    "l2": 4.118222861289978,
    "mean_bias": 1.3179254531860352,
    "bias_frac": 0.32002285878555214,
    "bypass_ce": 3.059856984615326,
    "shift_ce": 2.98946049451828,
    "base_ce": 3.109559228420258,
    "base_ppl": 22.411164019242
  }
}