{
  "results": {
    "timestamp": "20260411_140715",
    "ckpt_path": "/workspace/minGPT-LAR/projects/latent_ar/alarm_gen_checkpoint.pt",
    "config": {
      "n_batches": 100,
      "batch_size": 12,
      "block_size": 1024,
      "layer_a": 6,
      "layer_b": 18
    },
    "lar_ce": 3.094192020893097,
    "lar_ppl": 22.06939971794534,
    "norm_a": 96.97493270874024,
    "norm_b": 96.57834243774414,
    "l2": 4.811427426338196,
    "mean_bias": 1.7889093160629272,
    "bias_frac": 0.3718042812555528,
    "bypass_ce": 2.8753840732574463,
    "shift_ce": 2.791305212974548,
    "base_ce": 3.100169596672058,
    "base_ppl": 22.201716299363706
  }
}