{
  "results": {
    "timestamp": "20260412_142025",
    "ckpt_path": "/workspace/minGPT-LAR/projects/latent_ar/alarm_gen_checkpoint.pt",
    "config": {
      "n_batches": 100,
      "batch_size": 12,
      "block_size": 1024,
      "layer_a": 6,
      "layer_b": 18
    },
    "lar_ce": 3.067578592300415,
    "lar_ppl": 21.48980404746584,
    "norm_a": 96.03385879516601,
    "norm_b": 96.38531066894531,
    "l2": 4.42178053855896,
    "mean_bias": 1.6033954620361328,
    "bias_frac": 0.36261308042182316,
    "bypass_ce": 2.818522346019745,
    "shift_ce": 2.6698630928993223,
    "base_ce": 3.099131600856781,
    "base_ppl": 22.17868296707234
  }
}